1177,0.01208449,-1.418906E-07,-9.7547E-07,Infinity,Infinity,Infinity,Infinity,Infinity,
1177,0.01208449,-1.418906E-07,-9.7547E-07,100000,0.03722675,-0.03328979,6.372522E-08,-2.626649E-08,
1177,0.01208449,-1.418906E-07,-9.7547E-07,63095.738281,0.02815755,0.04121471,2.306549E-08,6.237107E-08,
1177,0.01208449,-1.418906E-07,-9.7547E-07,39810.722656,-0.04999104,0.001869729,-6.484013E-08,-1.023474E-08,
1179,-0.005253541,-5.6031E-09,-9.866761E-07,25118.869141,-0.05103756,-0.009325188,-6.306754E-08,-2.406914E-08,
1179,-0.005253541,-5.6031E-09,-9.866761E-07,15848.935547,-0.04992605,0.009054932,-6.527469E-08,-2.130117E-09,
1179,-0.005253541,-5.6031E-09,-9.866761E-07,10000.00293,-0.0491803,-0.009751474,-5.643162E-08,-2.909685E-08,
1179,-0.005253541,-5.6031E-09,-9.866761E-07,6309.575684,-0.03902115,0.03157247,-5.907835E-08,1.744767E-08,
1179,-0.005253541,-5.6031E-09,-9.866761E-07,3981.073242,-0.0441186,0.02404691,-5.723751E-08,-4.918955E-09,
1179,-0.005253541,-5.6031E-09,-9.866761E-07,2511.887451,0.02015654,0.04596481,-2.096364E-08,4.516596E-08,
1179,-0.005253541,-5.6031E-09,-9.866761E-07,1584.893921,0.001698013,0.0502212,-3.515645E-08,1.625255E-08,
1179,-0.005253541,-5.6031E-09,-9.866761E-07,1000.000488,0.02000596,-0.04616262,2.462227E-08,9.274227E-09,
1181,0.0003535175,-8.578764E-11,-9.868477E-07,630.957703,0.04962413,-0.00799639,-1.910892E-09,1.543298E-08,
1181,0.0003535175,-8.578764E-11,-9.868477E-07,398.107422,0.04804815,-0.01478632,-2.217383E-09,7.731859E-09,
1181,0.0003535175,-8.578764E-11,-9.868477E-07,251.188812,0.04821634,-0.01426244,-1.816788E-09,3.302549E-09,
1181,0.0003535175,-8.578764E-11,-9.868477E-07,158.489426,-0.03762404,0.03326651,3.024858E-10,-1.631031E-09,
1181,0.0003535175,-8.578764E-11,-9.868477E-07,100.000069,-0.03750118,0.03346483,1.416396E-10,-7.005385E-10,
1181,0.0003535175,-8.578764E-11,-9.868477E-07,63.095779,-0.02334775,-0.04454484,2.857352E-10,1.08484E-10,
1181,0.0003535175,-8.578764E-11,-9.868477E-07,39.810745,0.04175736,-0.02789449,-7.46624E-12,1.320794E-10,
1183,-0.0005392265,-7.543741E-11,-9.869987E-07,25.118883,0.03069082,0.03949888,-5.55522E-11,2.263574E-11,
1183,-0.0005392265,-7.543741E-11,-9.869987E-07,15.848945,0.00988833,0.0490339,-2.8569E-11,1.751705E-11,
1183,-0.0005392265,-7.543741E-11,-9.869987E-07,10.000009,-0.04490073,-0.02188668,-1.591072E-11,-2.60418E-11,
1185,-0.0007584968,5.176323E-12,-9.869883E-07,6.309579,0.01491527,0.04771727,6.881759E-13,3.40603E-11,
1185,-0.0007584968,5.176323E-12,-9.869883E-07,3.981075,-0.03169469,-0.03870066,-1.716798E-11,-3.245117E-11,
1187,-0.002935539,8.443993E-12,-9.869714E-07,2.511889,0.04919922,-0.008652768,3.742191E-11,6.756888E-13,
1189,0.007025604,1.119572E-11,-9.86949E-07,1.584895,0.01853126,0.04643708,6.077718E-12,3.543388E-11,
1191,0.0002125581,1.23996E-11,-9.869242E-07,1.000001,-0.01512241,0.04769578,-1.724659E-11,2.91042E-11,
1193,-0.01225453,2.940547E-12,-9.869183E-07,NaN,NaN,NaN,NaN,NaN,
1195,-0.002403025,1.463537E-11,-9.868891E-07,NaN,NaN,NaN,NaN,NaN,
1197,-0.006475191,8.272012E-12,-9.868725E-07,0.630958,-0.03346683,0.03709996,-2.661105E-11,1.826367E-11,
1199,7.159845E-05,8.767556E-13,-9.868708E-07,NaN,NaN,NaN,NaN,NaN,
1201,0.01637592,1.343149E-11,-9.868438E-07,NaN,NaN,NaN,NaN,NaN,
1203,0.009641187,9.819857E-12,-9.868243E-07,NaN,NaN,NaN,NaN,NaN,
1205,-0.0003199561,2.118479E-11,-9.867819E-07,NaN,NaN,NaN,NaN,NaN,
1207,-0.01533998,7.561391E-12,-9.867667E-07,NaN,NaN,NaN,NaN,NaN,
1209,0.002092019,1.68982E-11,-9.86733E-07,NaN,NaN,NaN,NaN,NaN,
1211,0.01687711,2.637383E-11,-9.866802E-07,NaN,NaN,NaN,NaN,NaN,
1213,-0.01258344,1.450325E-11,-9.866512E-07,0.398108,-0.04921562,0.008861639,-2.993359E-11,-8.816145E-13,
1215,0.01252303,1.85816E-11,-9.866141E-07,NaN,NaN,NaN,NaN,NaN,
1217,-0.01142444,1.620401E-11,-9.865817E-07,NaN,NaN,NaN,NaN,NaN,
1219,0.01125439,1.832128E-11,-9.865449E-07,NaN,NaN,NaN,NaN,NaN,
1221,-0.01010882,1.731471E-11,-9.865104E-07,NaN,NaN,NaN,NaN,NaN,
1223,0.00995443,1.726264E-11,-9.864758E-07,NaN,NaN,NaN,NaN,NaN,
1225,-0.03706342,3.257436E-12,-9.864693E-07,0.251189,-0.05004089,0.0003810727,-2.850872E-11,-6.173404E-12,
1227,0.05797466,4.995881E-11,-9.863694E-07,NaN,NaN,NaN,NaN,NaN,
1229,-0.009607626,2.615314E-12,-9.863642E-07,NaN,NaN,NaN,NaN,NaN,
1231,-0.04943653,-4.48274E-12,-9.863732E-07,NaN,NaN,NaN,NaN,NaN,
1233,0.05070741,4.978526E-11,-9.862736E-07,NaN,NaN,NaN,NaN,NaN,
1235,0.00871712,1.266366E-11,-9.862482E-07,NaN,NaN,NaN,NaN,NaN,
1237,-0.05717365,-1.026184E-11,-9.862688E-07,NaN,NaN,NaN,NaN,NaN,
1239,0.03864753,4.615814E-11,-9.861765E-07,NaN,NaN,NaN,NaN,NaN,
1241,0.02622743,2.321529E-11,-9.8613E-07,NaN,NaN,NaN,NaN,NaN,
1243,-0.06179399,-1.59021E-11,-9.861618E-07,0.158489,-0.04971398,-0.005028033,-2.60675E-11,-1.040886E-11,
1245,-0.01767365,1.887663E-11,-9.861241E-07,NaN,NaN,NaN,NaN,NaN,
1247,0.05537474,4.997617E-11,-9.860241E-07,NaN,NaN,NaN,NaN,NaN,
1249,0.05222664,3.430491E-11,-9.859555E-07,NaN,NaN,NaN,NaN,NaN,
1251,-0.02279517,-5.298408E-12,-9.85966E-07,NaN,NaN,NaN,NaN,NaN,
1253,-0.06597579,-1.414928E-11,-9.859943E-07,NaN,NaN,NaN,NaN,NaN,
1255,-0.01768931,2.099389E-11,-9.859524E-07,NaN,NaN,NaN,NaN,NaN,
1257,0.05537474,5.113893E-11,-9.858501E-07,NaN,NaN,NaN,NaN,NaN,
1259,0.05219532,3.519E-11,-9.857797E-07,NaN,NaN,NaN,NaN,NaN,
1261,-0.02279517,-4.760414E-12,-9.857893E-07,NaN,NaN,NaN,NaN,NaN,
1263,-0.06599145,-1.343774E-11,-9.858161E-07,NaN,NaN,NaN,NaN,NaN,
1265,-0.01767365,2.222607E-11,-9.857716E-07,NaN,NaN,NaN,NaN,NaN,
1267,0.05535908,5.237111E-11,-9.856669E-07,NaN,NaN,NaN,NaN,NaN,
1269,0.05221098,3.492968E-11,-9.855971E-07,NaN,NaN,NaN,NaN,NaN,
1271,-0.02277951,-4.690996E-12,-9.856064E-07,NaN,NaN,NaN,NaN,NaN,
1273,-0.06694685,-1.451373E-11,-9.856354E-07,0.1,-0.04928449,-0.008500611,-2.227669E-11,-1.325985E-11,
1275,-0.04296806,8.550606E-12,-9.856184E-07,NaN,NaN,NaN,NaN,NaN,
1277,0.008262916,3.387105E-11,-9.855506E-07,NaN,NaN,NaN,NaN,NaN,
1279,0.05466994,4.789361E-11,-9.854549E-07,NaN,NaN,NaN,NaN,NaN,
1281,0.06857795,4.225334E-11,-9.853703E-07,NaN,NaN,NaN,NaN,NaN,
1283,0.04174865,2.307645E-11,-9.853242E-07,NaN,NaN,NaN,NaN,NaN,
1285,-0.009873882,-1.614308E-13,-9.853245E-07,NaN,NaN,NaN,NaN,NaN,
1287,-0.05546647,-1.276091E-11,-9.853501E-07,NaN,NaN,NaN,NaN,NaN,
1289,-0.06783959,-8.109863E-12,-9.853662E-07,NaN,NaN,NaN,NaN,NaN,
1291,-0.03966334,1.290663E-11,-9.853404E-07,NaN,NaN,NaN,NaN,NaN,
1293,0.01233508,3.748081E-11,-9.852655E-07,NaN,NaN,NaN,NaN,NaN,
1295,0.05708192,4.869192E-11,-9.851681E-07,NaN,NaN,NaN,NaN,NaN,
1297,0.06790446,4.159387E-11,-9.85085E-07,NaN,NaN,NaN,NaN,NaN,
1299,0.03838128,2.104596E-11,-9.850428E-07,NaN,NaN,NaN,NaN,NaN,
1301,-0.01393039,-1.42832E-12,-9.850456E-07,NaN,NaN,NaN,NaN,NaN,
1303,-0.0578158,-1.281297E-11,-9.850713E-07,NaN,NaN,NaN,NaN,NaN,
1305,-0.06707215,-6.079369E-12,-9.850835E-07,NaN,NaN,NaN,NaN,NaN,
1307,-0.03620199,1.568337E-11,-9.850521E-07,NaN,NaN,NaN,NaN,NaN,
1309,0.01639158,3.862622E-11,-9.849748E-07,NaN,NaN,NaN,NaN,NaN,
1311,0.05933727,4.792832E-11,-9.84879E-07,NaN,NaN,NaN,NaN,NaN,
1313,0.06702739,4.013608E-11,-9.847987E-07,NaN,NaN,NaN,NaN,NaN,
1315,0.03490428,1.854689E-11,-9.847616E-07,NaN,NaN,NaN,NaN,NaN,
1317,-0.0179399,-3.250559E-12,-9.847681E-07,NaN,NaN,NaN,NaN,NaN,
1319,-0.05993019,-1.340303E-11,-9.84795E-07,NaN,NaN,NaN,NaN,NaN,
1321,-0.06751069,-5.593437E-12,-9.848061E-07,0.063096,-0.04890079,-0.0106354,-1.772494E-11,-1.41555E-11,
1323,-0.0503606,8.151449E-12,-9.847898E-07,NaN,NaN,NaN,NaN,NaN,
1325,-0.02086873,2.260788E-11,-9.847446E-07,NaN,NaN,NaN,NaN,NaN,
1327,0.01376034,3.477349E-11,-9.84675E-07,NaN,NaN,NaN,NaN,NaN,
1329,0.04510035,4.239218E-11,-9.845903E-07,NaN,NaN,NaN,NaN,NaN,
1331,0.06542984,4.223599E-11,-9.845058E-07,NaN,NaN,NaN,NaN,NaN,
1333,0.06975261,3.840061E-11,-9.84429E-07,NaN,NaN,NaN,NaN,NaN,
1335,0.05709757,2.885555E-11,-9.843712E-07,NaN,NaN,NaN,NaN,NaN,
1337,0.03044056,1.698497E-11,-9.843374E-07,NaN,NaN,NaN,NaN,NaN,
1339,-0.003577688,5.791216E-12,-9.843258E-07,NaN,NaN,NaN,NaN,NaN,
1341,-0.03667186,-3.267914E-12,-9.843322E-07,NaN,NaN,NaN,NaN,NaN,
1343,-0.06076029,-5.593437E-12,-9.843435E-07,NaN,NaN,NaN,NaN,NaN,
1345,-0.06981303,-3.198496E-12,-9.843499E-07,NaN,NaN,NaN,NaN,NaN,
1347,-0.06177833,5.409414E-12,-9.843391E-07,NaN,NaN,NaN,NaN,NaN,
1349,-0.03848867,1.741884E-11,-9.843042E-07,NaN,NaN,NaN,NaN,NaN,
1351,-0.005739068,2.993154E-11,-9.842444E-07,NaN,NaN,NaN,NaN,NaN,
1353,0.02848278,4.024021E-11,-9.841639E-07,NaN,NaN,NaN,NaN,NaN,
1355,0.05581328,4.522099E-11,-9.840734E-07,NaN,NaN,NaN,NaN,NaN,
1357,0.06947069,4.447474E-11,-9.839845E-07,NaN,NaN,NaN,NaN,NaN,
1359,0.06618164,3.66825E-11,-9.839111E-07,NaN,NaN,NaN,NaN,NaN,
1361,0.04674488,2.40136E-11,-9.838631E-07,NaN,NaN,NaN,NaN,NaN,
1363,0.01590606,1.040755E-11,-9.838423E-07,NaN,NaN,NaN,NaN,NaN,
1365,-0.01875434,1.211609E-14,-9.838423E-07,NaN,NaN,NaN,NaN,NaN,
1367,-0.04877872,-6.947101E-12,-9.838561E-07,NaN,NaN,NaN,NaN,NaN,
1369,-0.06677457,-8.404891E-12,-9.83873E-07,NaN,NaN,NaN,NaN,NaN,
1371,-0.06834079,-2.313408E-12,-9.838776E-07,NaN,NaN,NaN,NaN,NaN,
1373,-0.05310148,9.192728E-12,-9.838592E-07,NaN,NaN,NaN,NaN,NaN,
1375,-0.02475295,2.278142E-11,-9.838136E-07,NaN,NaN,NaN,NaN,NaN,
1377,0.009703835,3.532883E-11,-9.83743E-07,NaN,NaN,NaN,NaN,NaN,
1379,0.04184262,4.286076E-11,-9.836573E-07,NaN,NaN,NaN,NaN,NaN,
1381,0.06380098,4.393674E-11,-9.835694E-07,NaN,NaN,NaN,NaN,NaN,
1383,0.07015982,3.930305E-11,-9.834907E-07,NaN,NaN,NaN,NaN,NaN,
1385,0.0594469,2.946296E-11,-9.834318E-07,NaN,NaN,NaN,NaN,NaN,
1387,0.03416815,1.708909E-11,-9.833976E-07,NaN,NaN,NaN,NaN,NaN,
1389,0.0005884503,5.35735E-12,-9.833869E-07,NaN,NaN,NaN,NaN,NaN,
1391,-0.03306956,-4.847187E-12,-9.833966E-07,NaN,NaN,NaN,NaN,NaN,
1393,-0.05856758,-8.682566E-12,-9.83414E-07,NaN,NaN,NaN,NaN,NaN,
1395,-0.06960942,-7.033874E-12,-9.834281E-07,NaN,NaN,NaN,NaN,NaN,
1397,-0.06575652,2.550812E-13,-9.834275E-07,0.039811,-0.04852095,-0.01193297,-1.355674E-11,-1.300565E-11,
1399,-0.05473035,8.082031E-12,-9.834114E-07,NaN,NaN,NaN,NaN,NaN,
1401,-0.03825374,1.642962E-11,-9.833785E-07,NaN,NaN,NaN,NaN,NaN,
1403,-0.01801821,2.3788E-11,-9.83331E-07,NaN,NaN,NaN,NaN,NaN,
1405,0.004002804,2.993154E-11,-9.832711E-07,NaN,NaN,NaN,NaN,NaN,
1407,0.02572624,3.548503E-11,-9.832002E-07,NaN,NaN,NaN,NaN,NaN,
1409,0.04488108,3.765436E-11,-9.831248E-07,NaN,NaN,NaN,NaN,NaN,
1411,0.05963485,3.893861E-11,-9.830469E-07,NaN,NaN,NaN,NaN,NaN,
1413,0.06846831,3.808823E-11,-9.829707E-07,NaN,NaN,NaN,NaN,NaN,
1415,0.07059836,3.532883E-11,-9.829001E-07,NaN,NaN,NaN,NaN,NaN,
1417,0.0658214,3.055631E-11,-9.82839E-07,NaN,NaN,NaN,NaN,NaN,
1419,0.0545603,2.441276E-11,-9.827902E-07,NaN,NaN,NaN,NaN,NaN,
1421,0.0378331,1.797418E-11,-9.827542E-07,NaN,NaN,NaN,NaN,NaN,
1423,0.01748794,1.056375E-11,-9.827331E-07,NaN,NaN,NaN,NaN,NaN,
1425,-0.004580067,5.305286E-12,-9.827224E-07,NaN,NaN,NaN,NaN,NaN,
1427,-0.02620953,8.277845E-13,-9.827208E-07,NaN,NaN,NaN,NaN,NaN,
1429,-0.04517642,-2.69521E-12,-9.827262E-07,NaN,NaN,NaN,NaN,NaN,
1431,-0.05972658,-4.48274E-12,-9.827352E-07,NaN,NaN,NaN,NaN,NaN,
1433,-0.06826247,-3.632362E-12,-9.827424E-07,NaN,NaN,NaN,NaN,NaN,
1435,-0.07006362,1.162437E-13,-9.827422E-07,NaN,NaN,NaN,NaN,NaN,
1437,-0.06497341,3.951623E-12,-9.827343E-07,NaN,NaN,NaN,NaN,NaN,
1439,-0.05341472,1.068523E-11,-9.827129E-07,NaN,NaN,NaN,NaN,NaN,
1441,-0.03649958,1.800889E-11,-9.82677E-07,NaN,NaN,NaN,NaN,NaN,
1443,-0.01598213,2.495075E-11,-9.826271E-07,NaN,NaN,NaN,NaN,NaN,
1445,0.00613286,3.137198E-11,-9.825643E-07,NaN,NaN,NaN,NaN,NaN,
1447,0.02766835,3.560651E-11,-9.82493E-07,NaN,NaN,NaN,NaN,NaN,
1449,0.04649428,3.853945E-11,-9.824159E-07,NaN,NaN,NaN,NaN,NaN,
1451,0.0607312,3.923363E-11,-9.823375E-07,NaN,NaN,NaN,NaN,NaN,
1453,0.06895383,3.751553E-11,-9.822625E-07,NaN,NaN,NaN,NaN,NaN,
1455,0.07044175,3.439168E-11,-9.821937E-07,NaN,NaN,NaN,NaN,NaN,
1457,0.06500697,2.94109E-11,-9.821349E-07,NaN,NaN,NaN,NaN,NaN,
1459,0.05319769,2.373593E-11,-9.820874E-07,NaN,NaN,NaN,NaN,NaN,
1461,0.03606328,1.71238E-11,-9.820532E-07,NaN,NaN,NaN,NaN,NaN,
1463,0.01546752,1.177857E-11,-9.820296E-07,NaN,NaN,NaN,NaN,NaN,
1465,-0.006647475,5.478832E-12,-9.820186E-07,NaN,NaN,NaN,NaN,NaN,
1467,-0.02813598,4.633369E-13,-9.820177E-07,NaN,NaN,NaN,NaN,NaN,
1469,-0.04674264,-2.938176E-12,-9.820236E-07,NaN,NaN,NaN,NaN,NaN,
1471,-0.06077595,-4.44803E-12,-9.820325E-07,NaN,NaN,NaN,NaN,NaN,
1473,-0.06870101,-3.597652E-12,-9.820396E-07,NaN,NaN,NaN,NaN,NaN,
1475,-0.06984435,-8.382622E-13,-9.820413E-07,NaN,NaN,NaN,NaN,NaN,
1477,-0.06409633,4.784646E-12,-9.820318E-07,NaN,NaN,NaN,NaN,NaN,
1479,-0.0519738,1.139677E-11,-9.820089E-07,NaN,NaN,NaN,NaN,NaN,
1481,-0.03468277,1.788741E-11,-9.819732E-07,NaN,NaN,NaN,NaN,NaN,
1483,-0.01391472,2.533256E-11,-9.819225E-07,NaN,NaN,NaN,NaN,NaN,
1485,0.008215928,3.085134E-11,-9.818608E-07,NaN,NaN,NaN,NaN,NaN,
1487,0.02957914,3.600567E-11,-9.817888E-07,NaN,NaN,NaN,NaN,NaN,
1489,0.0480605,3.822706E-11,-9.817123E-07,NaN,NaN,NaN,NaN,NaN,
1491,0.06179623,3.973692E-11,-9.816329E-07,NaN,NaN,NaN,NaN,NaN,
1493,0.06940804,3.777584E-11,-9.815574E-07,NaN,NaN,NaN,NaN,NaN,
1495,0.07020681,3.432227E-11,-9.814887E-07,NaN,NaN,NaN,NaN,NaN,
1497,0.06414555,2.927206E-11,-9.814302E-07,NaN,NaN,NaN,NaN,NaN,
1499,0.05180376,2.319793E-11,-9.813838E-07,NaN,NaN,NaN,NaN,NaN,
1501,0.03426212,1.634285E-11,-9.81351E-07,NaN,NaN,NaN,NaN,NaN,
1503,0.01341577,1.026872E-11,-9.813306E-07,NaN,NaN,NaN,NaN,NaN,
1505,-0.008730544,4.611099E-12,-9.813214E-07,NaN,NaN,NaN,NaN,NaN,
1507,-0.03004676,-3.870414E-13,-9.813222E-07,NaN,NaN,NaN,NaN,NaN,
1509,-0.04834018,-3.458815E-12,-9.81329E-07,NaN,NaN,NaN,NaN,NaN,
1511,-0.06182531,-4.656286E-12,-9.813383E-07,NaN,NaN,NaN,NaN,NaN,
1513,-0.06915522,-3.319978E-12,-9.81345E-07,NaN,NaN,NaN,NaN,NaN,
1515,-0.06964074,1.001331E-12,-9.81343E-07,0.025119,-0.04835355,-0.01275852,-1.079324E-11,-1.105157E-11,
1517,-0.06533364,4.906128E-12,-9.813332E-07,NaN,NaN,NaN,NaN,NaN,
1519,-0.05881818,9.956333E-12,-9.813133E-07,NaN,NaN,NaN,NaN,NaN,
1521,-0.04993773,1.268101E-11,-9.812879E-07,NaN,NaN,NaN,NaN,NaN,
1523,-0.03908384,1.639491E-11,-9.812551E-07,NaN,NaN,NaN,NaN,NaN,
1525,-0.02671072,2.023029E-11,-9.812146E-07,NaN,NaN,NaN,NaN,NaN,
1527,-0.0131786,2.357974E-11,-9.811674E-07,NaN,NaN,NaN,NaN,NaN,
1529,0.0007607341,2.744983E-11,-9.811125E-07,NaN,NaN,NaN,NaN,NaN,
1531,0.01476272,3.026128E-11,-9.81052E-07,NaN,NaN,NaN,NaN,NaN,
1533,0.02816954,3.210087E-11,-9.809878E-07,NaN,NaN,NaN,NaN,NaN,
1535,0.04043302,3.336776E-11,-9.809211E-07,NaN,NaN,NaN,NaN,NaN,
1537,0.05122426,3.484291E-11,-9.808514E-07,NaN,NaN,NaN,NaN,NaN,
1539,0.05991677,3.359337E-11,-9.807842E-07,NaN,NaN,NaN,NaN,NaN,
1541,0.06622862,3.510323E-11,-9.80714E-07,NaN,NaN,NaN,NaN,NaN,
1543,0.06994055,3.406195E-11,-9.80646E-07,NaN,NaN,NaN,NaN,NaN,
1545,0.07091161,3.130256E-11,-9.805833E-07,NaN,NaN,NaN,NaN,NaN,
1547,0.06911046,3.057367E-11,-9.805221E-07,NaN,NaN,NaN,NaN,NaN,
1549,0.06456843,2.84564E-11,-9.804653E-07,NaN,NaN,NaN,NaN,NaN,
1551,0.05752045,2.463837E-11,-9.80416E-07,NaN,NaN,NaN,NaN,NaN,
1553,0.04817013,2.13757E-11,-9.803732E-07,NaN,NaN,NaN,NaN,NaN,
1555,0.03687771,1.781799E-11,-9.803376E-07,NaN,NaN,NaN,NaN,NaN,
1557,0.02423833,1.485034E-11,-9.803078E-07,NaN,NaN,NaN,NaN,NaN,
1559,0.01056525,1.146619E-11,-9.80285E-07,NaN,NaN,NaN,NaN,NaN,
1561,-0.003452391,7.110169E-12,-9.802708E-07,NaN,NaN,NaN,NaN,NaN,
1563,-0.0173604,4.472262E-12,-9.802618E-07,NaN,NaN,NaN,NaN,NaN,
1565,-0.03059494,2.146738E-12,-9.802575E-07,NaN,NaN,NaN,NaN,NaN,
1567,-0.04251385,4.633369E-13,-9.802566E-07,NaN,NaN,NaN,NaN,NaN,
1569,-0.05285089,-4.217503E-13,-9.802574E-07,NaN,NaN,NaN,NaN,NaN,
1571,-0.06105787,-6.820706E-13,-9.802587E-07,NaN,NaN,NaN,NaN,NaN,
1573,-0.06680588,-8.729716E-13,-9.802606E-07,NaN,NaN,NaN,NaN,NaN,
1575,-0.06989133,2.947052E-14,-9.802604E-07,NaN,NaN,NaN,NaN,NaN,
1577,-0.07023591,1.712872E-12,-9.80257E-07,NaN,NaN,NaN,NaN,NaN,
1579,-0.06780827,3.552465E-12,-9.8025E-07,NaN,NaN,NaN,NaN,NaN,
1581,-0.0627024,6.728367E-12,-9.802365E-07,NaN,NaN,NaN,NaN,NaN,
1583,-0.05510624,1.056375E-11,-9.802153E-07,NaN,NaN,NaN,NaN,NaN,
1585,-0.04520775,1.446854E-11,-9.801864E-07,NaN,NaN,NaN,NaN,NaN,
1587,-0.0336334,1.793947E-11,-9.801505E-07,NaN,NaN,NaN,NaN,NaN,
1589,-0.02069644,2.144511E-11,-9.801076E-07,NaN,NaN,NaN,NaN,NaN,
1591,-0.006882407,2.496811E-11,-9.800577E-07,NaN,NaN,NaN,NaN,NaN,
1593,0.007119577,2.731099E-11,-9.800031E-07,NaN,NaN,NaN,NaN,NaN,
1595,0.02096494,3.031334E-11,-9.799425E-07,NaN,NaN,NaN,NaN,NaN,
1597,0.03388624,3.23959E-11,-9.798777E-07,NaN,NaN,NaN,NaN,NaN,
1599,0.04555455,3.381899E-11,-9.7981E-07,NaN,NaN,NaN,NaN,NaN,
1601,0.05543739,3.454788E-11,-9.797409E-07,NaN,NaN,NaN,NaN,NaN,
1603,0.06306487,3.562386E-11,-9.796697E-07,NaN,NaN,NaN,NaN,NaN,
1605,0.06823338,3.531148E-11,-9.79599E-07,NaN,NaN,NaN,NaN,NaN,
1607,0.07072366,3.380163E-11,-9.795315E-07,NaN,NaN,NaN,NaN,NaN,
1609,0.07042608,3.187526E-11,-9.794677E-07,NaN,NaN,NaN,NaN,NaN,
1611,0.06738762,2.954974E-11,-9.794086E-07,NaN,NaN,NaN,NaN,NaN,
1613,0.06170226,2.654738E-11,-9.793555E-07,NaN,NaN,NaN,NaN,NaN,
1615,0.05357359,2.340619E-11,-9.793087E-07,NaN,NaN,NaN,NaN,NaN,
1617,0.0432992,1.967494E-11,-9.792693E-07,NaN,NaN,NaN,NaN,NaN,
1619,0.03134896,1.615194E-11,-9.79237E-07,NaN,NaN,NaN,NaN,NaN,
1621,0.01817707,1.302811E-11,-9.79211E-07,NaN,NaN,NaN,NaN,NaN,
1623,0.004237737,9.886914E-12,-9.791912E-07,NaN,NaN,NaN,NaN,NaN,
1625,-0.009732923,6.537467E-12,-9.791781E-07,NaN,NaN,NaN,NaN,NaN,
1627,-0.02346865,4.559036E-12,-9.79169E-07,NaN,NaN,NaN,NaN,NaN,
1629,-0.03615501,2.129384E-12,-9.791647E-07,NaN,NaN,NaN,NaN,NaN,
1631,-0.04741611,1.018686E-12,-9.791627E-07,NaN,NaN,NaN,NaN,NaN,
1633,-0.05686041,4.980463E-13,-9.791618E-07,NaN,NaN,NaN,NaN,NaN,
1635,-0.06395537,-7.688438E-13,-9.791632E-07,NaN,NaN,NaN,NaN,NaN,
1637,-0.06852873,-6.473612E-13,-9.791646E-07,NaN,NaN,NaN,NaN,NaN,
1639,-0.07039253,7.930752E-13,-9.79163E-07,NaN,NaN,NaN,NaN,NaN,
1641,-0.06948412,2.632668E-12,-9.791577E-07,NaN,NaN,NaN,NaN,NaN,
1643,-0.06581917,5.235867E-12,-9.791472E-07,NaN,NaN,NaN,NaN,NaN,
1645,-0.0595543,8.203513E-12,-9.791308E-07,NaN,NaN,NaN,NaN,NaN,
1647,-0.05087746,1.228186E-11,-9.791063E-07,NaN,NaN,NaN,NaN,NaN,
1649,-0.04018019,1.583956E-11,-9.790746E-07,NaN,NaN,NaN,NaN,NaN,
1651,-0.02794803,2.04559E-11,-9.790336E-07,NaN,NaN,NaN,NaN,NaN,
1653,-0.01450989,2.373593E-11,-9.789862E-07,NaN,NaN,NaN,NaN,NaN,
1655,-0.0006018751,2.705067E-11,-9.789321E-07,NaN,NaN,NaN,NaN,NaN,
1657,0.01343143,2.946296E-11,-9.788732E-07,NaN,NaN,NaN,NaN,NaN,
1659,0.02691657,3.177114E-11,-9.788097E-07,NaN,NaN,NaN,NaN,NaN,
1661,0.03932101,3.421814E-11,-9.787412E-07,NaN,NaN,NaN,NaN,NaN,
1663,0.05030019,3.512058E-11,-9.78671E-07,NaN,NaN,NaN,NaN,NaN,
1665,0.05918064,3.548503E-11,-9.786E-07,NaN,NaN,NaN,NaN,NaN,
1667,0.0657431,3.576271E-11,-9.785284E-07,NaN,NaN,NaN,NaN,NaN,
1669,0.06972129,3.508587E-11,-9.784583E-07,NaN,NaN,NaN,NaN,NaN,
1671,0.07094294,3.378427E-11,-9.783907E-07,NaN,NaN,NaN,NaN,NaN,
1673,0.06940804,3.140669E-11,-9.783279E-07,NaN,NaN,NaN,NaN,NaN,
1675,0.06513227,2.861259E-11,-9.782707E-07,NaN,NaN,NaN,NaN,NaN,
1677,0.05830356,2.555817E-11,-9.782195E-07,NaN,NaN,NaN,NaN,NaN,
1679,0.04917251,2.21393E-11,-9.781753E-07,NaN,NaN,NaN,NaN,NaN,
1681,0.03803671,1.878985E-11,-9.781377E-07,NaN,NaN,NaN,NaN,NaN,
1683,0.02550697,1.481564E-11,-9.781081E-07,NaN,NaN,NaN,NaN,NaN,
1685,0.0119122,1.22645E-11,-9.780836E-07,NaN,NaN,NaN,NaN,NaN,
1687,-0.002105444,9.262147E-12,-9.78065E-07,NaN,NaN,NaN,NaN,NaN,
1689,-0.01601345,7.526682E-12,-9.7805E-07,NaN,NaN,NaN,NaN,NaN,
1691,-0.02935763,3.673948E-12,-9.780426E-07,NaN,NaN,NaN,NaN,NaN,
1693,-0.04144882,9.319126E-13,-9.780407E-07,NaN,NaN,NaN,NaN,NaN,
1695,-0.0519738,-4.738146E-13,-9.780417E-07,NaN,NaN,NaN,NaN,NaN,
1697,-0.0603844,-9.597451E-13,-9.780437E-07,NaN,NaN,NaN,NaN,NaN,
1699,-0.06636735,-1.619222E-12,-9.780468E-07,NaN,NaN,NaN,NaN,NaN,
1701,-0.06973471,2.550812E-13,-9.780464E-07,NaN,NaN,NaN,NaN,NaN,
1703,-0.0703612,1.469907E-12,-9.780434E-07,NaN,NaN,NaN,NaN,NaN,
1705,-0.0682938,3.986332E-12,-9.780355E-07,0.015849,-0.04821561,-0.01340771,-9.125597E-12,-9.046138E-12,
1707,-0.06528666,6.277147E-12,-9.780229E-07,NaN,NaN,NaN,NaN,NaN,
1709,-0.06143376,7.405199E-12,-9.780081E-07,NaN,NaN,NaN,NaN,NaN,
1711,-0.05659415,9.262147E-12,-9.779895E-07,NaN,NaN,NaN,NaN,NaN,
1713,-0.05083047,1.214302E-11,-9.779652E-07,NaN,NaN,NaN,NaN,NaN,
1715,-0.04423669,1.491976E-11,-9.779354E-07,NaN,NaN,NaN,NaN,NaN,
1717,-0.03701643,1.74709E-11,-9.779005E-07,NaN,NaN,NaN,NaN,NaN,
1719,-0.02923233,2.016087E-11,-9.778602E-07,NaN,NaN,NaN,NaN,NaN,
1721,-0.02088439,2.187898E-11,-9.778164E-07,NaN,NaN,NaN,NaN,NaN,
1723,-0.01219188,2.43954E-11,-9.777676E-07,NaN,NaN,NaN,NaN,NaN,
1725,-0.003421066,2.590526E-11,-9.777158E-07,NaN,NaN,NaN,NaN,NaN,
1727,0.005428062,2.602674E-11,-9.776637E-07,NaN,NaN,NaN,NaN,NaN,
1729,0.01429285,2.705067E-11,-9.776096E-07,NaN,NaN,NaN,NaN,NaN,
1731,0.02290705,2.821343E-11,-9.775532E-07,NaN,NaN,NaN,NaN,NaN,
1733,0.03109837,2.958445E-11,-9.774941E-07,NaN,NaN,NaN,NaN,NaN,
1735,0.03881982,3.173643E-11,-9.774305E-07,NaN,NaN,NaN,NaN,NaN,
1737,0.04599309,3.269093E-11,-9.773652E-07,NaN,NaN,NaN,NaN,NaN,
1739,0.05241458,3.359337E-11,-9.77298E-07,NaN,NaN,NaN,NaN,NaN,
1741,0.05800598,3.29339E-11,-9.772322E-07,NaN,NaN,NaN,NaN,NaN,
1743,0.06267331,3.27777E-11,-9.771666E-07,NaN,NaN,NaN,NaN,NaN,
1745,0.06635392,3.322893E-11,-9.771002E-07,NaN,NaN,NaN,NaN,NaN,
1747,0.06898516,3.260416E-11,-9.770349E-07,NaN,NaN,NaN,NaN,NaN,
1749,0.07055138,3.187526E-11,-9.769711E-07,NaN,NaN,NaN,NaN,NaN,
1751,0.07100558,3.102488E-11,-9.769092E-07,NaN,NaN,NaN,NaN,NaN,
1753,0.07034777,3.005302E-11,-9.76849E-07,NaN,NaN,NaN,NaN,NaN,
1755,0.06860927,2.920265E-11,-9.767906E-07,NaN,NaN,NaN,NaN,NaN,
1757,0.06579008,2.743247E-11,-9.767357E-07,NaN,NaN,NaN,NaN,NaN,
1759,0.06193719,2.614823E-11,-9.766834E-07,NaN,NaN,NaN,NaN,NaN,
1761,0.05709757,2.456895E-11,-9.766343E-07,NaN,NaN,NaN,NaN,NaN,
1763,0.05138088,2.25211E-11,-9.765893E-07,NaN,NaN,NaN,NaN,NaN,
1765,0.04478711,2.062944E-11,-9.76548E-07,NaN,NaN,NaN,NaN,NaN,
1767,0.03751986,1.884192E-11,-9.765104E-07,NaN,NaN,NaN,NaN,NaN,
1769,0.0297201,1.672465E-11,-9.764768E-07,NaN,NaN,NaN,NaN,NaN,
1771,0.02146613,1.566602E-11,-9.764456E-07,NaN,NaN,NaN,NaN,NaN,
1773,0.01278928,1.432971E-11,-9.764169E-07,NaN,NaN,NaN,NaN,NaN,
1775,0.003955817,1.259424E-11,-9.763917E-07,NaN,NaN,NaN,NaN,NaN,
1777,-0.004893311,9.886914E-12,-9.763719E-07,NaN,NaN,NaN,NaN,NaN,
1779,-0.01367979,8.533252E-12,-9.763548E-07,NaN,NaN,NaN,NaN,NaN,
1781,-0.02235663,7.179588E-12,-9.763405E-07,NaN,NaN,NaN,NaN,NaN,
1783,-0.03056362,5.982118E-12,-9.763286E-07,NaN,NaN,NaN,NaN,NaN,
1785,-0.0382694,4.246652E-12,-9.763201E-07,NaN,NaN,NaN,NaN,NaN,
1787,-0.04538003,2.979762E-12,-9.76314E-07,NaN,NaN,NaN,NaN,NaN,
1789,-0.05186417,1.955837E-12,-9.763102E-07,NaN,NaN,NaN,NaN,NaN,
1791,-0.05745557,1.55668E-12,-9.763071E-07,NaN,NaN,NaN,NaN,NaN,
1793,-0.06212289,1.383133E-12,-9.763042E-07,NaN,NaN,NaN,NaN,NaN,
1795,-0.06580351,1.383133E-12,-9.763015E-07,NaN,NaN,NaN,NaN,NaN,
1797,-0.06843475,2.112029E-12,-9.762973E-07,NaN,NaN,NaN,NaN,NaN,
1799,-0.07000097,2.30293E-12,-9.762927E-07,NaN,NaN,NaN,NaN,NaN,
1801,-0.07047084,3.430983E-12,-9.762858E-07,NaN,NaN,NaN,NaN,NaN,
1803,-0.06981303,4.697872E-12,-9.762764E-07,NaN,NaN,NaN,NaN,NaN,
1805,-0.06805886,5.756506E-12,-9.762649E-07,NaN,NaN,NaN,NaN,NaN,
1807,-0.06523968,6.537467E-12,-9.762518E-07,NaN,NaN,NaN,NaN,NaN,
1809,-0.06140243,8.724152E-12,-9.762344E-07,NaN,NaN,NaN,NaN,NaN,
1811,-0.05657848,9.938979E-12,-9.762146E-07,NaN,NaN,NaN,NaN,NaN,
1813,-0.05083047,1.184799E-11,-9.761908E-07,NaN,NaN,NaN,NaN,NaN,
1815,-0.04425235,1.457267E-11,-9.761617E-07,NaN,NaN,NaN,NaN,NaN,
1817,-0.03701643,1.648168E-11,-9.761287E-07,NaN,NaN,NaN,NaN,NaN,
1819,-0.029201,1.840805E-11,-9.760919E-07,NaN,NaN,NaN,NaN,NaN,
1821,-0.02090005,2.038648E-11,-9.760512E-07,NaN,NaN,NaN,NaN,NaN,
1823,-0.01222321,2.201782E-11,-9.760071E-07,NaN,NaN,NaN,NaN,NaN,
1825,-0.003405404,2.361445E-11,-9.759599E-07,NaN,NaN,NaN,NaN,NaN,
1827,0.005428062,2.574907E-11,-9.759084E-07,NaN,NaN,NaN,NaN,NaN,
1829,0.01427719,2.666887E-11,-9.758551E-07,NaN,NaN,NaN,NaN,NaN,
1831,0.02287572,2.930677E-11,-9.757964E-07,NaN,NaN,NaN,NaN,NaN,
1833,0.0310827,2.953238E-11,-9.757373E-07,NaN,NaN,NaN,NaN,NaN,
1835,0.03878849,3.095546E-11,-9.756754E-07,NaN,NaN,NaN,NaN,NaN,
1837,0.04596177,3.130256E-11,-9.756128E-07,NaN,NaN,NaN,NaN,NaN,
1839,0.05241458,3.229177E-11,-9.755482E-07,NaN,NaN,NaN,NaN,NaN,
1841,0.05799032,3.265622E-11,-9.75483E-07,NaN,NaN,NaN,NaN,NaN,
1843,0.06264198,3.289919E-11,-9.754172E-07,NaN,NaN,NaN,NaN,NaN,
1845,0.06632259,3.267358E-11,-9.753518E-07,NaN,NaN,NaN,NaN,NaN,
1847,0.0689695,3.222235E-11,-9.752873E-07,NaN,NaN,NaN,NaN,NaN,
1849,0.07055138,3.142404E-11,-9.752245E-07,NaN,NaN,NaN,NaN,NaN,
1851,0.07100558,3.102488E-11,-9.751625E-07,NaN,NaN,NaN,NaN,NaN,
1853,0.07036343,3.026128E-11,-9.751019E-07,NaN,NaN,NaN,NaN,NaN,
1855,0.06860927,2.882084E-11,-9.750443E-07,NaN,NaN,NaN,NaN,NaN,
1857,0.06577442,2.771015E-11,-9.749889E-07,NaN,NaN,NaN,NaN,NaN,
1859,0.06192153,2.670358E-11,-9.749355E-07,NaN,NaN,NaN,NaN,NaN,
1861,0.05709757,2.482927E-11,-9.748858E-07,NaN,NaN,NaN,NaN,NaN,
1863,0.05138088,2.241697E-11,-9.74841E-07,NaN,NaN,NaN,NaN,NaN,
1865,0.04480277,2.099389E-11,-9.747989E-07,NaN,NaN,NaN,NaN,NaN,
1867,0.03753552,1.865101E-11,-9.747616E-07,NaN,NaN,NaN,NaN,NaN,
1869,0.02973576,1.741884E-11,-9.747268E-07,NaN,NaN,NaN,NaN,NaN,
1871,0.02148179,1.521479E-11,-9.746964E-07,NaN,NaN,NaN,NaN,NaN,
1873,0.01280495,1.276779E-11,-9.746709E-07,NaN,NaN,NaN,NaN,NaN,
1875,0.003955817,1.165709E-11,-9.746476E-07,NaN,NaN,NaN,NaN,NaN,
1877,-0.004877649,1.023401E-11,-9.746271E-07,NaN,NaN,NaN,NaN,NaN,
1879,-0.01364847,8.082031E-12,-9.746109E-07,NaN,NaN,NaN,NaN,NaN,
1881,-0.02234097,6.294501E-12,-9.745984E-07,NaN,NaN,NaN,NaN,NaN,
1883,-0.03056362,5.930054E-12,-9.745864E-07,NaN,NaN,NaN,NaN,NaN,
1885,-0.03828507,4.159878E-12,-9.745781E-07,NaN,NaN,NaN,NaN,NaN,
1887,-0.04538003,4.628455E-12,-9.745689E-07,NaN,NaN,NaN,NaN,NaN,
1889,-0.05186417,2.216157E-12,-9.745645E-07,NaN,NaN,NaN,NaN,NaN,
1891,-0.05745557,2.198802E-12,-9.745601E-07,NaN,NaN,NaN,NaN,NaN,
1893,-0.06213856,1.192232E-12,-9.745577E-07,NaN,NaN,NaN,NaN,NaN,
1895,-0.06581917,1.626099E-12,-9.745544E-07,NaN,NaN,NaN,NaN,NaN,
1897,-0.06845041,1.365779E-12,-9.745517E-07,NaN,NaN,NaN,NaN,NaN,
1899,-0.0700323,1.730227E-12,-9.745482E-07,NaN,NaN,NaN,NaN,NaN,
1901,-0.07050216,2.702087E-12,-9.745428E-07,NaN,NaN,NaN,NaN,NaN,
1903,-0.06986002,4.055751E-12,-9.745347E-07,NaN,NaN,NaN,NaN,NaN,
1905,-0.06810585,5.305286E-12,-9.745241E-07,NaN,NaN,NaN,NaN,NaN,
1907,-0.06528666,6.086244E-12,-9.74512E-07,NaN,NaN,NaN,NaN,NaN,
1909,-0.0614181,7.995257E-12,-9.744959E-07,NaN,NaN,NaN,NaN,NaN,
1911,-0.05659415,9.626595E-12,-9.744767E-07,NaN,NaN,NaN,NaN,NaN,
1913,-0.05083047,1.177857E-11,-9.744531E-07,NaN,NaN,NaN,NaN,NaN,
1915,-0.04423669,1.474622E-11,-9.744236E-07,NaN,NaN,NaN,NaN,NaN,
1917,-0.03703209,1.668994E-11,-9.743902E-07,NaN,NaN,NaN,NaN,NaN,
1919,-0.02923233,1.809567E-11,-9.743541E-07,NaN,NaN,NaN,NaN,NaN,
1921,-0.02094704,2.029971E-11,-9.743135E-07,NaN,NaN,NaN,NaN,NaN,
1923,-0.01223887,2.206988E-11,-9.742694E-07,NaN,NaN,NaN,NaN,NaN,
1925,-0.003436729,2.38227E-11,-9.742217E-07,NaN,NaN,NaN,NaN,NaN,
1927,0.005396738,2.571436E-11,-9.741702E-07,NaN,NaN,NaN,NaN,NaN,
1929,0.0142302,2.665151E-11,-9.741169E-07,NaN,NaN,NaN,NaN,NaN,
1931,0.0228444,2.760602E-11,-9.740618E-07,NaN,NaN,NaN,NaN,NaN,
1933,0.03105138,2.866465E-11,-9.740044E-07,NaN,NaN,NaN,NaN,NaN,
1935,0.03877283,3.003567E-11,-9.739443E-07,NaN,NaN,NaN,NaN,NaN,
1937,0.04596177,3.057367E-11,-9.738832E-07,NaN,NaN,NaN,NaN,NaN,
1939,0.05241458,3.194468E-11,-9.738193E-07,NaN,NaN,NaN,NaN,NaN,
1941,0.05797466,3.234384E-11,-9.737546E-07,NaN,NaN,NaN,NaN,NaN,
1943,0.06262632,3.265622E-11,-9.736893E-07,NaN,NaN,NaN,NaN,NaN,
1945,0.06632259,3.307274E-11,-9.736232E-07,NaN,NaN,NaN,NaN,NaN,
1947,0.0689695,3.230913E-11,-9.735586E-07,NaN,NaN,NaN,NaN,NaN,
1949,0.07052005,3.151081E-11,-9.734955E-07,NaN,NaN,NaN,NaN,NaN,
1951,0.07100558,3.142404E-11,-9.734326E-07,NaN,NaN,NaN,NaN,NaN,
1953,0.07034777,3.053895E-11,-9.733716E-07,NaN,NaN,NaN,NaN,NaN,
1955,0.06859361,2.908116E-11,-9.733135E-07,NaN,NaN,NaN,NaN,NaN,
1957,0.06577442,2.708538E-11,-9.732593E-07,NaN,NaN,NaN,NaN,NaN,
1959,0.06192153,2.555817E-11,-9.732081E-07,NaN,NaN,NaN,NaN,NaN,
1961,0.05711324,2.345825E-11,-9.731613E-07,NaN,NaN,NaN,NaN,NaN,
1963,0.05141221,2.177485E-11,-9.731177E-07,NaN,NaN,NaN,NaN,NaN,
1965,0.04481843,2.04559E-11,-9.730768E-07,NaN,NaN,NaN,NaN,NaN,
1967,0.03755118,1.811302E-11,-9.730405E-07,NaN,NaN,NaN,NaN,NaN,
1969,0.02973576,1.670729E-11,-9.730071E-07,NaN,NaN,NaN,NaN,NaN,
1971,0.02146613,1.526686E-11,-9.729766E-07,NaN,NaN,NaN,NaN,NaN,
1973,0.01280495,1.419087E-11,-9.729482E-07,NaN,NaN,NaN,NaN,NaN,
1975,0.003971479,1.179593E-11,-9.729247E-07,NaN,NaN,NaN,NaN,NaN,
1977,-0.004877649,9.86956E-12,-9.729049E-07,NaN,NaN,NaN,NaN,NaN,
1979,-0.01364847,8.63738E-12,-9.728876E-07,NaN,NaN,NaN,NaN,NaN,
1981,-0.02232531,6.884559E-12,-9.728739E-07,NaN,NaN,NaN,NaN,NaN,
1983,-0.03054795,5.773861E-12,-9.728623E-07,NaN,NaN,NaN,NaN,NaN,
1985,-0.0382694,4.749936E-12,-9.728528E-07,NaN,NaN,NaN,NaN,NaN,
1987,-0.04538003,3.257436E-12,-9.728462E-07,NaN,NaN,NaN,NaN,NaN,
1989,-0.05186417,2.389703E-12,-9.728415E-07,NaN,NaN,NaN,NaN,NaN,
1991,-0.05747123,1.990547E-12,-9.728375E-07,NaN,NaN,NaN,NaN,NaN,
1993,-0.06213856,1.33107E-12,-9.728349E-07,NaN,NaN,NaN,NaN,NaN,
1995,-0.06581917,1.279005E-12,-9.728323E-07,NaN,NaN,NaN,NaN,NaN,
1997,-0.06846608,1.55668E-12,-9.728292E-07,NaN,NaN,NaN,NaN,NaN,
1999,-0.07001664,2.389703E-12,-9.728244E-07,NaN,NaN,NaN,NaN,NaN,
2001,-0.0704865,3.500401E-12,-9.728174E-07,NaN,NaN,NaN,NaN,NaN,
2003,-0.06984435,3.708657E-12,-9.7281E-07,NaN,NaN,NaN,NaN,NaN,
2005,-0.04265481,1.965758E-11,-9.727706E-07,0.01,-0.04805614,-0.01369122,-8.184018E-12,-7.313022E-12,
